"user_id","first_name","last_name","email","password","reg_date","payment_id"
"1","yasemin","hasip","yas@email.com","12345","2024-02-16","0"
"2","Joe","Bloggs","JB@email.co.uk","12345","2024-02-17","0"
"3","Jane","Doe","JD@email.com","12345","2024-03-18","0"
"4","John","Doe","john.doe@example.com","password123","2024-03-21","0"
"5","Jane","Smith","jane.smith@example.com","password456","2024-03-21","0"
"6","Alice","Johnson","alice.johnson@example.com","password789","2024-03-21","0"
"7","Bob","Brown","bob.brown@example.com","passwordABC","2024-03-21","0"
"8","Emily","Davis","emily.davis@example.com","passwordDEF","2024-03-21","0"
"9","Michael","Wilson","michael.wilson@example.com","passwordGHI","2024-03-21","0"
"10","Sarah","Taylor","sarah.taylor@example.com","passwordJKL","2024-03-21","0"
"11","David","Martinez","david.martinez@example.com","passwordMNO","2024-03-21","0"
"12","Jessica","Anderson","jessica.anderson@example.com","passwordPQR","2024-03-21","0"
"13","Matthew","Thomas","matthew.thomas@example.com","passwordSTU","2024-03-21","0"
"14","Laura","Garcia","laura.garcia@example.com","passwordVWX","2024-03-21","0"
"15","Daniel","Rodriguez","daniel.rodriguez@example.com","passwordYZA","2024-03-21","0"
"16","Ashley","Lopez","ashley.lopez@example.com","passwordBCD","2024-03-21","0"
"17","Christopher","Hernandez","christopher.hernandez@example.com","passwordEFG","2024-03-21","0"
"18","Amanda","Hill","amanda.hill@example.com","passwordHIJ","2024-03-21","0"
"19","Andrew","Young","andrew.young@example.com","passwordKLM","2024-03-21","0"
"20","Megan","King","megan.king@example.com","passwordNOP","2024-03-21","0"
"21","Kevin","Wright","kevin.wright@example.com","passwordQRS","2024-04-21","0"
"22","Rachel","Scott","rachel.scott@example.com","passwordTUV","2024-04-02","0"
"23","Justin","Nguyen","justin.nguyen@example.com","passwordWXY","2024-04-19","0"
